{
  "video_name": "5",
  "timestamp": "2025-08-03T21:11:28.419034",
  "expected_height_mm": 4.79237,
  "final_height_px": 29,
  "scale_mm_per_px": 0.1652541379310345,
  "num_frames_processed": 30,
  "num_layers_detected": 7,
  "temporal_metrics": {
    "frame_to_frame_variance": 0.0820891501798058,
    "frame_to_frame_std": 0.2865120419455451,
    "mean_absolute_frame_diff": 0.18234939357907257,
    "total_jitter": 5.288132413793105,
    "smoothness_metric": 0.33050827586206893,
    "max_acceleration": 1.4872872413793106,
    "height_regressions": 5.0,
    "height_regression_rate": 0.1724137931034483,
    "height_mean": 3.1783879195402305,
    "height_std": 0.8013074523805543,
    "height_cv": 0.2521112817772311,
    "height_range": 2.6440662068965515
  },
  "layer_metrics": {
    "layer_1": {
      "mean_height": 2.1758461494252876,
      "std_height": 0.06158658099615314,
      "cv": 0.028304657943035254,
      "num_frames": 6,
      "height_range": 0.16525413793103416,
      "mean_confidence": 0.0
    },
    "layer_2": {
      "mean_height": 2.4788120689655173,
      "std_height": 0.0,
      "cv": 0.0,
      "num_frames": 3,
      "height_range": 0.0,
      "mean_confidence": 0.0
    },
    "layer_3": {
      "mean_height": 2.8644050574712647,
      "std_height": 0.07790154770011443,
      "cv": 0.027196414661021077,
      "num_frames": 6,
      "height_range": 0.1652541379310346,
      "mean_confidence": 0.0
    },
    "layer_4": {
      "mean_height": 3.30508275862069,
      "std_height": 0.14780779439076794,
      "cv": 0.04472135954999583,
      "num_frames": 5,
      "height_range": 0.3305082758620692,
      "mean_confidence": 0.0
    },
    "layer_5": {
      "mean_height": 3.6355910344827587,
      "std_height": 0.0,
      "cv": 0.0,
      "num_frames": 1,
      "height_range": 0.0,
      "mean_confidence": 0.0
    },
    "layer_6": {
      "mean_height": 3.855929885057471,
      "std_height": 0.15580309540022885,
      "cv": 0.04040610178208846,
      "num_frames": 6,
      "height_range": 0.3305082758620692,
      "mean_confidence": 0.0
    },
    "layer_7": {
      "mean_height": 4.79237,
      "std_height": 0.0,
      "cv": 0.0,
      "num_frames": 3,
      "height_range": 0.0,
      "mean_confidence": 0.0
    },
    "cross_layer": {
      "mean_layer_height": 3.3011481362889987,
      "std_layer_means": 0.8260645646797755,
      "mean_cv": 0.020089790562305802,
      "layer_height_consistency": 0.7497644666111833,
      "mean_layer_increment": 0.43608730842911875,
      "std_layer_increment": 0.23392994407149337
    }
  },
  "anomalies": {
    "sudden_jumps": 1,
    "sudden_drops": 3,
    "plateaus": 0,
    "high_variance_regions": 1
  }
}